Ano,Ranking,Jogador,Posicao,Nacionalidade,Idade,Clube,Jogos,Gols
2010,1,Jonas,Second Striker,Brazil,26,Grêmio Foot-Ball Porto Alegrense,33,23
2010,2,Neymar,Attacking Midfield,Brazil,18,Santos FC,31,17
2010,3,Bruno César,Central Midfield,Brazil,22,Sport Club Corinthians Paulista,31,14
2010,4,Elias,Attacking Midfield,Brazil,27,Atlético Clube Goianiense,26,12
2010,5,Obina,Centre-Forward,Brazil,27,Clube Atlético Mineiro,24,12
2010,6,André Lima,Centre-Forward,Brazil,25,N/A,25,11
2010,7,Sebastián Abreu,Centre-Forward,Uruguay,34,Botafogo de Futebol e Regatas,25,11
2010,8,Washington,Centre-Forward,Brazil,35,N/A,32,10
2010,9,Paulo Baier,Attacking Midfield,Brazil,36,Atlético Paranaense,31,10
2010,10,Zé Love,Centre-Forward,Brazil,23,Santos FC,28,10
2010,11,Kléber,Centre-Forward,Brazil,27,N/A,26,10
2010,12,Alecsandro,Centre-Forward,Brazil,29,Sport Club Internacional,20,10
2010,13,Wesley,Centre-Forward,Brazil,29,Grêmio Barueri Futebol Ltda.,27,10
2010,14,Diego Tardelli,Centre-Forward,Brazil,25,Clube Atlético Mineiro,27,10
2010,15,Darío Conca,Attacking Midfield,Argentina,27,Fluminense Football Club,38,9
2010,16,Juninho,Centre-Forward,Brazil,25,Atlético Clube Goianiense,30,9
2010,17,Magno Alves,Centre-Forward,Brazil,34,Ceará Sporting Club,21,9
2010,18,Éder Luís,Right Winger,Brazil,25,Clube de Regatas Vasco da Gama,27,9
2010,19,Rafael Moura,Centre-Forward,Brazil,27,Goiás EC,25,9
2010,20,Thiago Ribeiro,Left Winger,Brazil,24,Cruzeiro Esporte Clube,35,8
2010,21,Júnior,Centre-Forward,Brazil,34,Esporte Clube Vitória,31,8
2010,22,Caio,Attacking Midfield,Brazil,30,Avaí FC,27,8
2010,23,Iarley,Centre-Forward,Brazil,36,Sport Club Corinthians Paulista,33,8
2010,24,Geraldo,Attacking Midfield,Brazil,36,Ceará Sporting Club,33,8
2010,25,Emerson,Left Winger,Qatar,31,Fluminense Football Club,11,8
2011,1,Borges,Centre-Forward,Brazil,31,Santos FC,31,23
2011,2,Fred,Centre-Forward,Brazil,28,Fluminense Football Club,25,22
2011,3,Deivid,Centre-Forward,Brazil,32,CR Flamengo,33,15
2011,4,Ronaldinho,Left Winger,Brazil,31,CR Flamengo,31,14
2011,5,Leandro Damião,Centre-Forward,Brazil,22,Sport Club Internacional,28,14
2011,6,William,Centre-Forward,Brazil,28,Avaí FC,29,14
2011,7,Kempes,Centre-Forward,Brazil,29,América Futebol Clube (MG),32,13
2011,8,Neymar,Attacking Midfield,Brazil,19,Santos FC,21,13
2011,9,Sebastián Abreu,Centre-Forward,Uruguay,35,Botafogo de Futebol e Regatas,23,13
2011,10,Anselmo,Centre-Forward,Brazil,31,Atlético Clube Goianiense,35,12
2011,11,Walter Montillo,Attacking Midfield,Argentina,27,Cruzeiro Esporte Clube,34,12
2011,12,Thiago Neves,Attacking Midfield,Brazil,26,CR Flamengo,33,12
2011,13,Liedson,Centre-Forward,Portugal,33,Sport Club Corinthians Paulista,28,12
2011,14,Diego Souza,Centre-Forward,Brazil,26,Clube de Regatas Vasco da Gama,32,11
2011,15,Souza,Centre-Forward,Brazil,29,Esporte Clube Bahia,21,11
2011,16,Júlio César,Centre-Forward,Brazil,31,Figueirense Futebol Clube,22,11
2011,17,Élton,Centre-Forward,Brazil,26,Clube de Regatas Vasco da Gama,28,11
2011,18,Rafael Moura,Centre-Forward,Brazil,28,Fluminense Football Club,25,11
2011,19,Bill,Centre-Forward,Brazil,27,Coritiba Foot Ball Club,31,11
2011,20,Felipe Azevedo,Left Winger,Brazil,24,Ceará Sporting Club,29,11
2011,21,Oscar,Attacking Midfield,Brazil,20,Sport Club Internacional,26,10
2011,22,Anselmo Ramon,Centre-Forward,Brazil,23,Cruzeiro Esporte Clube,25,10
2011,23,Rafael Sóbis,Centre-Forward,Brazil,26,Fluminense Football Club,26,10
2011,24,Andrés D'Alessandro,Attacking Midfield,Argentina,30,Sport Club Internacional,30,9
2011,25,Luan,Left Winger,Brazil,23,Sociedade Esportiva Palmeiras,34,9
2012,1,Fred,Centre-Forward,Brazil,29,Fluminense Football Club,28,20
2012,2,Luís Fabiano,Centre-Forward,Brazil,32,São Paulo Futebol Clube,22,17
2012,3,Neymar,Attacking Midfield,Brazil,20,Santos FC,17,14
2012,4,Aloísio,Centre-Forward,China,24,Figueirense Futebol Clube,30,14
2012,5,Hernán Barcos,Centre-Forward,Argentina,28,Sociedade Esportiva Palmeiras,29,14
2012,6,Bruno Mineiro,Centre-Forward,Brazil,29,Portuguesa,23,14
2012,7,Vágner Love,Centre-Forward,Brazil,28,CR Flamengo,36,13
2012,8,Kieza,Centre-Forward,Brazil,26,Clube Náutico Capibaribe,20,13
2012,9,Bernard,Left Winger,Brazil,20,Clube Atlético Mineiro,36,11
2012,10,Elkeson,Centre-Forward,China,23,Botafogo de Futebol e Regatas,31,11
2012,11,Ronaldinho,Left Winger,Brazil,32,N/A,34,10
2012,12,Jô,Centre-Forward,Brazil,25,Clube Atlético Mineiro,29,10
2012,13,Marcelo Moreno Martins,Centre-Forward,Bolivia,25,Grêmio Foot-Ball Porto Alegrense,28,10
2012,14,Wellington Paulista,Centre-Forward,Brazil,29,Cruzeiro Esporte Clube,27,10
2012,15,Alecsandro,Centre-Forward,Brazil,31,Clube de Regatas Vasco da Gama,31,9
2012,16,Caio Canedo,Centre-Forward,United Arab Emirates,22,Figueirense Futebol Clube,26,9
2012,17,Roger Silva,Centre-Forward,Brazil,27,Associação Atlética Ponte Preta,29,9
2012,18,Andrezinho,Attacking Midfield,Brazil,29,Botafogo de Futebol e Regatas,32,8
2012,19,Osvaldo,Right Winger,Brazil,25,São Paulo Futebol Clube,24,8
2012,20,Everton Ribeiro,Attacking Midfield,Brazil,23,Coritiba Foot Ball Club,29,8
2012,21,Gilberto,Centre-Forward,Brazil,23,N/A,31,8
2012,22,Clarence Seedorf,Central Midfield,Netherlands,36,Botafogo de Futebol e Regatas,24,8
2012,23,Deivid,Centre-Forward,Brazil,33,N/A,19,8
2012,24,Souza,Centre-Forward,Brazil,30,Esporte Clube Bahia,19,8
2012,25,Araújo,Centre-Forward,Brazil,35,Clube Náutico Capibaribe,33,8
2013,1,Éderson,Centre-Forward,Brazil,24,Atlético Paranaense,36,21
2013,2,Hernane,Centre-Forward,Brazil,27,CR Flamengo,31,16
2013,3,Dinei,Centre-Forward,Brazil,30,Esporte Clube Vitória,35,16
2013,4,Cícero,Central Midfield,Brazil,29,Santos FC,37,15
2013,5,Fernandão,Centre-Forward,Brazil,26,Esporte Clube Bahia,34,15
2013,6,Gilberto,Centre-Forward,Brazil,24,N/A,27,14
2013,7,William,Centre-Forward,Brazil,30,Associação Atlética Ponte Preta,33,14
2013,8,Walter,Centre-Forward,Brazil,24,Goiás EC,32,13
2013,9,Alex,Attacking Midfield,Brazil,36,Coritiba Foot Ball Club,29,12
2013,10,André Felipe,Centre-Forward,Brazil,23,Clube de Regatas Vasco da Gama,27,12
2013,11,Andrés D'Alessandro,Attacking Midfield,Argentina,32,Sport Club Internacional,35,11
2013,12,Lins,Centre-Forward,Brazil,26,Criciúma EC,35,11
2013,13,Maximiliano Biancucchi,Centre-Forward,Argentina,29,Esporte Clube Vitória,23,11
2013,14,Aloísio,Centre-Forward,China,25,São Paulo Futebol Clube,33,11
2013,15,Wellington Paulista,Centre-Forward,Brazil,30,Criciúma EC,24,11
2013,16,Rafael Sóbis,Centre-Forward,Brazil,28,Fluminense Football Club,36,10
2013,17,Rafael Marques,Centre-Forward,Brazil,30,Botafogo de Futebol e Regatas,37,10
2013,18,Ricardo Goulart,Second Striker,Brazil,22,Cruzeiro Esporte Clube,33,10
2013,19,Paulo Baier,Attacking Midfield,Brazil,39,Atlético Paranaense,27,10
2013,20,Borges,Centre-Forward,Brazil,33,Cruzeiro Esporte Clube,24,10
2013,21,Elias,Centre-Forward,Brazil,26,Botafogo de Futebol e Regatas,25,10
2013,22,Alexandre Pato,Centre-Forward,Brazil,24,Sport Club Corinthians Paulista,30,10
2013,23,Hernán Barcos,Centre-Forward,Argentina,29,Grêmio Foot-Ball Porto Alegrense,37,9
2013,24,Clarence Seedorf,Central Midfield,Netherlands,37,Botafogo de Futebol e Regatas,34,8
2013,25,Edmílson,Centre-Forward,Brazil,31,Clube de Regatas Vasco da Gama,27,8
2014,1,Fred,Centre-Forward,Brazil,31,Fluminense Football Club,28,18
2014,2,Henrique Dourado,Centre-Forward,Brazil,25,Sociedade Esportiva Palmeiras,33,16
2014,3,Ricardo Goulart,Second Striker,Brazil,23,Cruzeiro Esporte Clube,26,15
2014,4,Marcelo Moreno Martins,Centre-Forward,Bolivia,27,Cruzeiro Esporte Clube,32,15
2014,5,Hernán Barcos,Centre-Forward,Argentina,30,Grêmio Foot-Ball Porto Alegrense,32,14
2014,6,Paolo Guerrero,Centre-Forward,Peru,30,Sport Club Corinthians Paulista,28,12
2014,7,Erik,Right Winger,Brazil,20,Goiás EC,34,12
2014,8,Leandro Pereira,Centre-Forward,Brazil,23,Associação Chapecoense de Futebol,24,10
2014,9,Diego Tardelli,Centre-Forward,Brazil,29,Clube Atlético Mineiro,24,10
2014,10,Darío Conca,Attacking Midfield,Argentina,31,Fluminense Football Club,37,9
2014,11,Alexandre Pato,Centre-Forward,Brazil,25,São Paulo Futebol Clube,29,9
2014,12,Alan Kardec,Centre-Forward,Brazil,25,N/A,28,9
2014,13,Luís Fabiano,Centre-Forward,Brazil,34,São Paulo Futebol Clube,23,9
2014,14,Cléo,Centre-Forward,Brazil,29,Atlético Paranaense,20,9
2014,15,Dinei,Centre-Forward,Brazil,31,Esporte Clube Vitória,31,9
2014,16,Gabriel Barbosa,Centre-Forward,Brazil,18,Santos FC,31,8
2014,17,Rafael Moura,Centre-Forward,Brazil,31,Sport Club Internacional,26,8
2014,18,Eduardo,Centre-Forward,Croatia,31,CR Flamengo,18,8
2014,19,Cícero,Central Midfield,Brazil,30,N/A,26,8
2014,20,Joel Tagueu,Centre-Forward,Cameroon,21,Coritiba Foot Ball Club,20,8
2014,21,Rogério Ceni,Goalkeeper,Brazil,41,São Paulo Futebol Clube,35,8
2014,22,Wagner,Attacking Midfield,Brazil,29,Fluminense Football Club,31,7
2014,23,Alecsandro,Centre-Forward,Brazil,33,CR Flamengo,24,7
2014,24,Patric,Right-Back,Brazil,25,Sport Club do Recife,34,7
2014,25,Douglas Coutinho,Centre-Forward,Brazil,20,Atlético Paranaense,28,7
2015,1,Ricardo Oliveira,Centre-Forward,Brazil,35,Santos FC,32,20
2015,2,Vágner Love,Centre-Forward,Brazil,31,Sport Club Corinthians Paulista,31,14
2015,3,Jádson,Attacking Midfield,Brazil,32,Sport Club Corinthians Paulista,34,13
2015,4,Lucas Pratto,Centre-Forward,Argentina,27,Clube Atlético Mineiro,36,13
2015,5,André Felipe,Centre-Forward,Brazil,25,N/A,29,13
2015,6,Henrique Almeida,Centre-Forward,Brazil,24,Coritiba Foot Ball Club,20,12
2015,7,Willian Bigode,Second Striker,Brazil,29,Cruzeiro Esporte Clube,29,11
2015,8,Vitinho,Left Winger,Brazil,22,Sport Club Internacional,33,11
2015,9,Alexandre Pato,Centre-Forward,Brazil,26,São Paulo Futebol Clube,33,10
2015,10,Luan,Attacking Midfield,Brazil,22,Grêmio Foot-Ball Porto Alegrense,33,10
2015,11,Dudu,Left Winger,Brazil,23,Sociedade Esportiva Palmeiras,28,10
2015,12,Gabriel Barbosa,Centre-Forward,Brazil,19,Santos FC,30,10
2015,13,André Lima,Centre-Forward,Brazil,30,Avaí FC,25,10
2015,14,Erik,Right Winger,Brazil,21,Goiás EC,26,10
2015,15,Diego Souza,Centre-Forward,Brazil,30,Sport Club do Recife,34,9
2015,16,Walter,Centre-Forward,Brazil,26,Atlético Paranaense,32,9
2015,17,Fred,Centre-Forward,Brazil,32,Fluminense Football Club,23,9
2015,18,Thiago Ribeiro,Left Winger,Brazil,29,Clube Atlético Mineiro,33,9
2015,19,Nenê,Attacking Midfield,Brazil,34,Clube de Regatas Vasco da Gama,20,9
2015,20,Bruno Rangel,Centre-Forward,Brazil,33,Associação Chapecoense de Futebol,19,9
2015,21,Luís Fabiano,Centre-Forward,Brazil,35,São Paulo Futebol Clube,22,8
2015,22,Bruno Henrique,Centre-Forward,Brazil,24,Goiás EC,33,7
2015,23,Biro Biro,Right Winger,Brazil,21,Associação Atlética Ponte Preta,29,7
2015,24,Jesús Dátolo,Left Midfield,Argentina,31,Clube Atlético Mineiro,26,7
2015,25,Clayton,Centre-Forward,Brazil,20,Figueirense Futebol Clube,29,7
2016,1,Diego Souza,Centre-Forward,Brazil,31,Sport Club do Recife,34,14
2016,2,Fred,Centre-Forward,Brazil,33,N/A,34,14
2016,3,William Pottker,Right Winger,Brazil,22,Associação Atlética Ponte Preta,31,14
2016,4,Grafite,Centre-Forward,Brazil,37,Santa Cruz FC (PE),31,13
2016,5,Robinho,Left Winger,Brazil,32,Clube Atlético Mineiro,30,12
2016,6,Marinho,Right Winger,Brazil,26,Esporte Clube Vitória,27,12
2016,7,Gabriel Jesus,Centre-Forward,Brazil,19,Sociedade Esportiva Palmeiras,27,12
2016,8,Sassá,Centre-Forward,Brazil,22,Botafogo de Futebol e Regatas,26,12
2016,9,Ricardo Oliveira,Centre-Forward,Brazil,36,Santos FC,20,11
2016,10,Keno,Left Winger,Brazil,27,Santa Cruz FC (PE),34,10
2016,11,Jonathan Copete,Left Winger,Colombia,28,Santos FC,25,10
2016,12,Pablo,Centre-Forward,Brazil,24,Atlético Paranaense,33,10
2016,13,Bruno Rangel,Centre-Forward,Brazil,34,Associação Chapecoense de Futebol,31,10
2016,14,Giorgian de Arrascaeta,Attacking Midfield,Uruguay,22,Cruzeiro Esporte Clube,31,9
2016,15,Kieza,Centre-Forward,Brazil,30,Esporte Clube Vitória,35,9
2016,16,Vitor Bueno,Attacking Midfield,Brazil,22,Santos FC,33,9
2016,17,Kléber,Centre-Forward,Brazil,33,Coritiba Foot Ball Club,24,9
2016,18,Cícero,Central Midfield,Brazil,32,Fluminense Football Club,35,9
2016,19,Rogério,Right Winger,Brazil,25,N/A,31,9
2016,20,Kempes,Centre-Forward,Brazil,34,Associação Chapecoense de Futebol,26,9
2016,21,Paolo Guerrero,Centre-Forward,Peru,32,CR Flamengo,21,9
2016,22,Andrés Chávez,Centre-Forward,Argentina,25,São Paulo Futebol Clube,21,9
2016,23,Gustavo Scarpa,Attacking Midfield,Brazil,22,Fluminense Football Club,34,8
2016,24,Roger Silva,Centre-Forward,Brazil,31,Associação Atlética Ponte Preta,26,8
2016,25,Vitinho,Left Winger,Brazil,23,Sport Club Internacional,28,8
2017,1,Jô,Centre-Forward,Brazil,30,Sport Club Corinthians Paulista,34,18
2017,2,Henrique Dourado,Centre-Forward,Brazil,28,Fluminense Football Club,32,18
2017,3,André Felipe,Centre-Forward,Brazil,27,Sport Club do Recife,35,16
2017,4,Lucca,Left Winger,Brazil,27,Associação Atlética Ponte Preta,37,13
2017,5,Fred,Centre-Forward,Brazil,34,Clube Atlético Mineiro,29,12
2017,6,Edigar Junio,Centre-Forward,Brazil,26,Esporte Clube Bahia,26,12
2017,7,Thiago Neves,Attacking Midfield,Brazil,32,Cruzeiro Esporte Clube,33,11
2017,8,Diego Souza,Centre-Forward,Brazil,32,Sport Club do Recife,27,11
2017,9,Diego,Attacking Midfield,Brazil,32,CR Flamengo,27,10
2017,10,Santiago Tréllez,Centre-Forward,Colombia,27,Esporte Clube Vitória,23,10
2017,11,Roger Silva,Centre-Forward,Brazil,32,Botafogo de Futebol e Regatas,20,10
2017,12,Dudu,Left Winger,Brazil,25,Sociedade Esportiva Palmeiras,26,9
2017,13,Hernanes,Attacking Midfield,Brazil,32,São Paulo Futebol Clube,19,9
2017,14,Wellington Paulista,Centre-Forward,Brazil,34,Associação Chapecoense de Futebol,34,9
2017,15,Júnior Dutra,Centre-Forward,Brazil,29,Avaí FC,30,9
2017,16,Fernandinho,Left Winger,Brazil,31,Grêmio Foot-Ball Porto Alegrense,28,9
2017,17,Luiz Fernando,Left Winger,Brazil,21,Atlético Clube Goianiense,33,9
2017,18,Bruno Henrique,Centre-Forward,Brazil,26,Santos FC,28,8
2017,19,Arthur Caíke,Left Winger,Brazil,25,Associação Chapecoense de Futebol,34,8
2017,20,Everton,Left Winger,Brazil,21,Grêmio Foot-Ball Porto Alegrense,32,8
2017,21,Keno,Left Winger,Brazil,28,Sociedade Esportiva Palmeiras,31,8
2017,22,Stiven Mendoza,Left Winger,Colombia,25,Esporte Clube Bahia,31,8
2017,23,Rómulo Otero,Attacking Midfield,Venezuela,25,Clube Atlético Mineiro,28,8
2017,24,Ricardo Oliveira,Centre-Forward,Brazil,37,Santos FC,23,8
2017,25,Neilton,Left Winger,Brazil,23,Esporte Clube Vitória,30,7
2018,1,Gabriel Barbosa,Centre-Forward,Brazil,22,Santos FC,35,18
2018,2,Ricardo Oliveira,Centre-Forward,Brazil,38,Clube Atlético Mineiro,35,13
2018,3,Diego Souza,Centre-Forward,Brazil,33,São Paulo Futebol Clube,32,12
2018,4,Pablo,Centre-Forward,Brazil,26,Atlético Paranaense,33,12
2018,5,Nicolás López,Centre-Forward,Uruguay,25,Sport Club Internacional,35,11
2018,6,Leandro Pereira,Centre-Forward,Brazil,27,Associação Chapecoense de Futebol,34,11
2018,7,Willian Bigode,Second Striker,Brazil,32,Sociedade Esportiva Palmeiras,32,10
2018,8,Yago Pikachu,Right Winger,Brazil,26,Clube de Regatas Vasco da Gama,35,10
2018,9,Everton,Left Winger,Brazil,22,Grêmio Foot-Ball Porto Alegrense,27,10
2018,10,Leandro Damião,Centre-Forward,Brazil,29,Sport Club Internacional,26,10
2018,11,Lucas Paquetá,Attacking Midfield,Brazil,21,CR Flamengo,32,10
2018,12,Pedro,Centre-Forward,Brazil,21,Fluminense Football Club,19,10
2018,13,Bruno Henrique,Central Midfield,Brazil,29,Sociedade Esportiva Palmeiras,33,9
2018,14,Róger Guedes,Second Striker,Brazil,21,Clube Atlético Mineiro,12,9
2018,15,Deyverson,Centre-Forward,Brazil,27,Sociedade Esportiva Palmeiras,26,9
2018,16,Juan Cazares,Attacking Midfield,Ecuador,26,Clube Atlético Mineiro,31,8
2018,17,Nenê,Attacking Midfield,Brazil,37,São Paulo Futebol Clube,35,8
2018,18,Rodrygo,Right Winger,Brazil,17,Santos FC,35,8
2018,19,Gilberto,Centre-Forward,Brazil,29,Esporte Clube Bahia,21,8
2018,20,Dudu,Left Winger,Brazil,26,Sociedade Esportiva Palmeiras,31,7
2018,21,Raphael Veiga,Attacking Midfield,Brazil,23,Atlético Paranaense,31,7
2018,22,Maxi López,Centre-Forward,Argentina,34,Clube de Regatas Vasco da Gama,19,7
2018,23,Neilton,Left Winger,Brazil,24,Esporte Clube Vitória,32,7
2018,24,Rodrigo Lindoso,Defensive Midfield,Brazil,29,Botafogo de Futebol e Regatas,32,7
2018,25,Rafael Moura,Centre-Forward,Brazil,35,América Futebol Clube (MG),27,7
2019,1,Gabriel Barbosa,Centre-Forward,Brazil,23,CR Flamengo,29,25
2019,2,Bruno Henrique,Centre-Forward,Brazil,28,CR Flamengo,33,21
2019,3,Eduardo Sasha,Centre-Forward,Brazil,27,Santos FC,37,14
2019,4,Gilberto,Centre-Forward,Brazil,30,Esporte Clube Bahia,32,14
2019,5,Giorgian de Arrascaeta,Attacking Midfield,Uruguay,25,CR Flamengo,23,13
2019,6,Wellington Paulista,Centre-Forward,Brazil,36,Fortaleza Esporte Clube,31,13
2019,7,Everaldo,Centre-Forward,Brazil,28,Associação Chapecoense de Futebol,33,13
2019,8,Carlos Sánchez,Attacking Midfield,Uruguay,35,Santos FC,34,12
2019,9,Thiago Galhardo,Centre-Forward,Brazil,30,Ceará Sporting Club,34,12
2019,10,Everton,Left Winger,Brazil,23,Grêmio Foot-Ball Porto Alegrense,30,11
2019,11,Bruno Henrique,Central Midfield,Brazil,30,Sociedade Esportiva Palmeiras,34,10
2019,12,Paolo Guerrero,Centre-Forward,Peru,35,Sport Club Internacional,24,10
2019,13,Dudu,Left Winger,Brazil,27,Sociedade Esportiva Palmeiras,36,9
2019,14,Yeferson Soteldo,Left Winger,Venezuela,22,Santos FC,32,9
2019,15,Michael,Left Winger,Brazil,23,Goiás EC,35,9
2019,16,Marcelo Cirino,Right Winger,Brazil,27,Club Athletico Paranaense,30,9
2019,17,Rafael Moura,Centre-Forward,Brazil,36,Goiás EC,23,9
2019,18,Marinho,Right Winger,Brazil,29,N/A,29,8
2019,19,Pepê,Right Winger,Brazil,22,Grêmio Foot-Ball Porto Alegrense,32,8
2019,20,Osvaldo,Right Winger,Brazil,32,Fortaleza Esporte Clube,32,7
2019,21,Luciano,Centre-Forward,Brazil,26,N/A,25,7
2019,22,Artur,Right Winger,Brazil,21,Esporte Clube Bahia,32,7
2019,23,Ricardo Bueno,Centre-Forward,Brazil,32,N/A,28,7
2019,24,Mauro Boselli,Centre-Forward,Argentina,34,Sport Club Corinthians Paulista,22,7
2019,25,Diego Souza,Centre-Forward,Brazil,34,Botafogo de Futebol e Regatas,32,7
2020,1,Claudinho,Attacking Midfield,Brazil,24,Red Bull Bragantino,35,18
2020,2,Luciano,Centre-Forward,Brazil,27,N/A,32,18
2020,3,Marinho,Right Winger,Brazil,30,Santos FC,27,17
2020,4,Thiago Galhardo,Centre-Forward,Brazil,31,Sport Club Internacional,29,17
2020,5,Gabriel Barbosa,Centre-Forward,Brazil,24,CR Flamengo,25,14
2020,6,Germán Cano,Centre-Forward,Argentina,33,Clube de Regatas Vasco da Gama,34,14
2020,7,Vina,Attacking Midfield,Brazil,29,Ceará Sporting Club,31,13
2020,8,Diego Souza,Centre-Forward,Brazil,35,Grêmio Foot-Ball Porto Alegrense,25,13
2020,9,Pedro,Centre-Forward,Brazil,23,CR Flamengo,34,13
2020,10,Brenner,Centre-Forward,Brazil,21,São Paulo Futebol Clube,27,11
2020,11,Renato Kayzer,Centre-Forward,Brazil,25,N/A,32,11
2020,12,Raphael Veiga,Attacking Midfield,Brazil,25,Sociedade Esportiva Palmeiras,26,11
2020,13,Keno,Left Winger,Brazil,31,Clube Atlético Mineiro,33,10
2020,14,Luiz Adriano,Centre-Forward,Brazil,33,Sociedade Esportiva Palmeiras,24,10
2020,15,Matheus Babi,Centre-Forward,Brazil,23,Botafogo de Futebol e Regatas,34,10
2020,16,Yuri Alberto,Centre-Forward,Brazil,19,Sport Club Internacional,23,10
2020,17,Fernandão,Centre-Forward,Brazil,33,N/A,25,10
2020,18,Bruno Henrique,Centre-Forward,Brazil,30,CR Flamengo,31,9
2020,19,Pepê,Right Winger,Brazil,23,Grêmio Foot-Ball Porto Alegrense,31,9
2020,20,Eduardo Sasha,Centre-Forward,Brazil,29,Clube Atlético Mineiro,34,9
2020,21,Gilberto,Centre-Forward,Brazil,31,Esporte Clube Bahia,33,9
2020,22,Wellington Paulista,Centre-Forward,Brazil,37,Fortaleza Esporte Clube,35,9
2020,23,Rafael Moura,Centre-Forward,Brazil,37,Goiás EC,31,9
2020,24,Giorgian de Arrascaeta,Attacking Midfield,Uruguay,26,CR Flamengo,28,8
2020,25,Nenê,Attacking Midfield,Brazil,39,Fluminense Football Club,31,8
2021,1,Hulk,Centre-Forward,Brazil,35,Clube Atlético Mineiro,35,19
2021,2,Gilberto,Centre-Forward,Brazil,32,Esporte Clube Bahia,36,15
2021,3,Michael,Left Winger,Brazil,25,CR Flamengo,35,14
2021,4,Ademir,Right Winger,Brazil,26,América Futebol Clube (MG),31,13
2021,5,Artur,Right Winger,Brazil,23,Red Bull Bragantino,30,12
2021,6,Ytalo,Centre-Forward,Brazil,33,Red Bull Bragantino,30,12
2021,7,Gabriel Barbosa,Centre-Forward,Brazil,25,CR Flamengo,18,12
2021,8,Yuri Alberto,Centre-Forward,Brazil,20,Sport Club Internacional,33,12
2021,9,Edenilson,Central Midfield,Brazil,31,Sport Club Internacional,33,11
2021,10,Bruno Henrique,Centre-Forward,Brazil,30,CR Flamengo,24,11
2021,11,Raphael Veiga,Attacking Midfield,Brazil,26,Sociedade Esportiva Palmeiras,31,10
2021,12,Diego Souza,Centre-Forward,Brazil,36,Grêmio Foot-Ball Porto Alegrense,31,10
2021,13,Robson,Right Winger,Brazil,30,Fortaleza Esporte Clube,34,10
2021,14,Yago Pikachu,Right Winger,Brazil,29,Fortaleza Esporte Clube,34,9
2021,15,Élton,Centre-Forward,Brazil,36,Cuiabá Esporte Clube (MT),31,9
2021,16,Vina,Attacking Midfield,Brazil,30,Ceará Sporting Club,34,8
2021,17,Mikael,Centre-Forward,Brazil,22,Sport Club do Recife,33,8
2021,18,Pedro,Centre-Forward,Brazil,24,CR Flamengo,24,7
2021,19,Jô,Centre-Forward,Brazil,34,Sport Club Corinthians Paulista,32,7
2021,20,Matías Zaracho,Attacking Midfield,Argentina,23,Clube Atlético Mineiro,32,7
2021,21,Róger Guedes,Second Striker,Brazil,25,Sport Club Corinthians Paulista,19,7
2021,22,Breno Lopes,Left Winger,Brazil,25,Sociedade Esportiva Palmeiras,22,7
2021,23,Ricardo Bueno,Centre-Forward,Brazil,34,Esporte Clube Juventude,19,7
2021,24,Matheus Peixoto,Centre-Forward,Brazil,25,Esporte Clube Juventude,12,7
2021,25,David Terans,Attacking Midfield,Uruguay,27,Club Athletico Paranaense,29,6
2022,1,Germán Cano,Centre-Forward,Argentina,34,Fluminense Football Club,38,26
2022,2,Pedro Raul,Centre-Forward,Brazil,26,Goiás EC,34,19
2022,3,Jonathan Calleri,Centre-Forward,Argentina,29,São Paulo Futebol Clube,36,18
2022,4,Bissoli,Centre-Forward,Brazil,24,Avaí FC,32,14
2022,5,Marcos Leonardo,Centre-Forward,Brazil,19,Santos FC,35,13
2022,6,David Terans,Attacking Midfield,Uruguay,28,Club Athletico Paranaense,31,12
2022,7,Rony,Centre-Forward,Brazil,27,Sociedade Esportiva Palmeiras,33,12
2022,8,Hulk,Centre-Forward,Brazil,36,Clube Atlético Mineiro,25,12
2022,9,Pedro,Centre-Forward,Brazil,25,CR Flamengo,24,11
2022,10,Luan Cândido,Left-Back,Brazil,21,Red Bull Bragantino,32,11
2022,11,Luciano,Centre-Forward,Brazil,29,São Paulo Futebol Clube,31,11
2022,12,Gabriel Barbosa,Centre-Forward,Brazil,26,CR Flamengo,29,11
2022,13,Róger Guedes,Second Striker,Brazil,26,Sport Club Corinthians Paulista,36,10
2022,14,Stiven Mendoza,Left Winger,Colombia,30,Ceará Sporting Club,29,10
2022,15,Alef Manga,Left Winger,Brazil,27,Coritiba Foot Ball Club,35,9
2022,16,Gustavo Gómez,Centre-Back,Paraguay,29,Sociedade Esportiva Palmeiras,30,9
2022,17,Alemão,Centre-Forward,Brazil,24,Sport Club Internacional,34,8
2022,18,Wellington Rato,Right Winger,Brazil,30,Atlético Clube Goianiense,36,8
2022,19,Diego Churín,Centre-Forward,Argentina,32,Atlético Clube Goianiense,36,8
2022,20,Yuri Alberto,Centre-Forward,Brazil,21,Sport Club Corinthians Paulista,20,8
2022,21,Léo Gamalho,Centre-Forward,Brazil,36,Coritiba Foot Ball Club,28,8
2022,22,Gustavo Scarpa,Attacking Midfield,Brazil,28,Sociedade Esportiva Palmeiras,35,7
2022,23,Jhon Arias,Right Winger,Colombia,25,Fluminense Football Club,33,7
2022,24,Dudu,Left Winger,Brazil,30,Sociedade Esportiva Palmeiras,38,7
2022,25,Moisés,Left Winger,Brazil,26,Fortaleza Esporte Clube,37,7
2023,1,Paulinho,Left Winger,Brazil,23,Clube Atlético Mineiro,36,20
2023,2,Luis Suárez,Centre-Forward,Uruguay,36,Grêmio Foot-Ball Porto Alegrense,33,17
2023,3,Tiquinho Soares,Centre-Forward,Brazil,32,Botafogo de Futebol e Regatas,33,17
2023,4,Hulk,Centre-Forward,Brazil,37,Clube Atlético Mineiro,34,15
2023,5,Marcos Leonardo,Centre-Forward,Brazil,20,Santos FC,31,13
2023,6,Pedro,Centre-Forward,Brazil,26,CR Flamengo,34,13
2023,7,Robson,Right Winger,Brazil,32,Coritiba Foot Ball Club,32,12
2023,8,Vitor Roque,Centre-Forward,Brazil,18,Club Athletico Paranaense,25,12
2023,9,Deyverson,Centre-Forward,Brazil,32,Cuiabá Esporte Clube (MT),36,12
2023,10,Eduardo Sasha,Centre-Forward,Brazil,31,Red Bull Bragantino,33,11
2023,11,Gonzalo Mastriani,Centre-Forward,Uruguay,30,América Futebol Clube (MG),24,11
2023,12,Endrick,Centre-Forward,Brazil,17,Sociedade Esportiva Palmeiras,31,11
2023,13,Germán Cano,Centre-Forward,Argentina,35,Fluminense Football Club,30,10
2023,14,Pablo Vegetti,Centre-Forward,Argentina,35,Clube de Regatas Vasco da Gama,21,10
2023,15,Raphael Veiga,Attacking Midfield,Brazil,28,Sociedade Esportiva Palmeiras,31,9
2023,16,Luciano,Centre-Forward,Brazil,30,São Paulo Futebol Clube,34,9
2023,17,Thiago Borbas,Centre-Forward,Uruguay,21,Red Bull Bragantino,33,9
2023,18,Jonathan Calleri,Centre-Forward,Argentina,30,São Paulo Futebol Clube,19,9
2023,19,Everaldo,Centre-Forward,Brazil,32,Esporte Clube Bahia,33,9
2023,20,Enner Valencia,Centre-Forward,Ecuador,34,Sport Club Internacional,22,9
2023,21,Juan Martín Lucero,Centre-Forward,Argentina,32,Fortaleza Esporte Clube,31,9
2023,22,Franco Cristaldo,Attacking Midfield,Argentina,27,Grêmio Foot-Ball Porto Alegrense,34,8
2023,23,Gabriel Pec,Right Winger,Brazil,22,Clube de Regatas Vasco da Gama,37,8
2023,24,Bruno Rodrigues,Left Winger,Brazil,26,Cruzeiro Esporte Clube,35,8
2023,25,Yuri Alberto,Centre-Forward,Brazil,22,Sport Club Corinthians Paulista,34,8
2024,1,Yuri Alberto,Centre-Forward,Brazil,23,Sport Club Corinthians Paulista,29,15
2024,2,Alerrandro,Centre-Forward,Brazil,24,Esporte Clube Vitória,34,15
2024,3,Estêvão,Right Winger,Brazil,17,Sociedade Esportiva Palmeiras,31,13
2024,4,Pablo Vegetti,Centre-Forward,Argentina,36,Clube de Regatas Vasco da Gama,35,12
2024,5,Pedro,Centre-Forward,Brazil,27,CR Flamengo,21,11
2024,6,Raphael Veiga,Attacking Midfield,Brazil,29,Sociedade Esportiva Palmeiras,34,11
2024,7,Luciano,Centre-Forward,Brazil,31,São Paulo Futebol Clube,31,11
2024,8,Wesley,Left Winger,Brazil,25,Sport Club Internacional,33,11
2024,9,Rodrigo Garro,Attacking Midfield,Argentina,26,Sport Club Corinthians Paulista,36,10
2024,10,Lucas Moura,Right Winger,Brazil,32,São Paulo Futebol Clube,28,10
2024,11,Hulk,Centre-Forward,Brazil,38,Clube Atlético Mineiro,24,10
2024,12,José Manuel López,Centre-Forward,Argentina,24,Sociedade Esportiva Palmeiras,35,10
2024,13,Rafael Borré,Centre-Forward,Colombia,29,Sport Club Internacional,23,9
2024,14,Matheus Pereira,Attacking Midfield,Brazil,28,Cruzeiro Esporte Clube,34,8
2024,15,Jefferson Savarino,Attacking Midfield,Venezuela,28,Botafogo de Futebol e Regatas,28,8
2024,16,Yannick Bolasie,Centre-Forward,DR Congo,35,Criciúma EC,34,8
2024,17,Eduardo Sasha,Centre-Forward,Brazil,32,Red Bull Bragantino,28,8
2024,18,Everaldo,Centre-Forward,Brazil,33,Esporte Clube Bahia,37,8
2024,19,Juan Martín Lucero,Centre-Forward,Argentina,33,Fortaleza Esporte Clube,32,8
2024,20,Alan Patrick,Attacking Midfield,Brazil,33,Sport Club Internacional,23,8
2024,21,Eduardo Vargas,Centre-Forward,Chile,35,Clube Atlético Mineiro,23,8
2024,22,Martin Braithwaite,Centre-Forward,Denmark,33,Grêmio Foot-Ball Porto Alegrense,18,8
2024,23,Paulinho,Left Winger,Brazil,24,Clube Atlético Mineiro,26,8
2024,24,Luiz Fernando,Left Winger,Brazil,28,Atlético Clube Goianiense,31,8
2024,25,Luiz Henrique,Right Winger,Brazil,23,Botafogo de Futebol e Regatas,35,7
2025,1,Kaio Jorge,Centre-Forward,Brazil,23,Cruzeiro Esporte Clube,32,21
2025,2,Giorgian de Arrascaeta,Attacking Midfield,Uruguay,31,CR Flamengo,31,18
2025,3,Vitor Roque,Centre-Forward,Brazil,20,Sociedade Esportiva Palmeiras,32,16
2025,4,Pablo Vegetti,Centre-Forward,Argentina,37,Clube de Regatas Vasco da Gama,32,14
2025,5,Reinaldo,Left-Back,Brazil,36,Mirassol Futebol Clube (SP),32,12
2025,6,Pedro,Centre-Forward,Brazil,28,CR Flamengo,21,12
2025,7,Rayan,Right Winger,Brazil,19,Clube de Regatas Vasco da Gama,32,12
2025,8,Willian José,Centre-Forward,Brazil,34,Esporte Clube Bahia,30,11
2025,9,José Manuel López,Centre-Forward,Argentina,24,Sociedade Esportiva Palmeiras,31,10
2025,10,Yuri Alberto,Centre-Forward,Brazil,24,Sport Club Corinthians Paulista,25,10
2025,11,Pedro Raul,Centre-Forward,Brazil,29,Ceará Sporting Club,31,10
2025,12,Alan Patrick,Attacking Midfield,Brazil,34,Sport Club Internacional,26,9
2025,13,Carlos Vinícius,Centre-Forward,Brazil,30,Grêmio Foot-Ball Porto Alegrense,12,9
2025,14,Renato Kayzer,Centre-Forward,Brazil,29,Esporte Clube Vitória,27,9
2025,15,Jhon Jhon,Attacking Midfield,Brazil,23,Red Bull Bragantino,31,8
2025,16,Luciano,Centre-Forward,Brazil,32,São Paulo Futebol Clube,30,8
2025,17,Álvaro Barreal,Left Winger,Argentina,25,Santos FC,30,8
2025,18,Hulk,Centre-Forward,Brazil,39,Clube Atlético Mineiro,29,7
2025,19,Gabriel Taliari,Centre-Forward,Brazil,28,Esporte Clube Juventude,31,7
2025,20,Antonio Galeano,Right Winger,Paraguay,25,Ceará Sporting Club,34,7
2025,21,Luiz Araújo,Right Winger,Brazil,29,CR Flamengo,33,7
2025,22,Isidro Pitta,Centre-Forward,Paraguay,26,Red Bull Bragantino,21,7
2025,23,Bruno Henrique,Centre-Forward,Brazil,34,CR Flamengo,30,7
2025,24,Deyverson,Centre-Forward,Brazil,34,Fortaleza Esporte Clube,23,7
2025,25,Matheus Pereira,Attacking Midfield,Brazil,29,Cruzeiro Esporte Clube,32,6
